[{"model": "contenttypes.contenttype", "pk": 1, "fields": {"app_label": "admin", "model": "logentry"}}, {"model": "contenttypes.contenttype", "pk": 2, "fields": {"app_label": "auth", "model": "permission"}}, {"model": "contenttypes.contenttype", "pk": 3, "fields": {"app_label": "auth", "model": "group"}}, {"model": "contenttypes.contenttype", "pk": 4, "fields": {"app_label": "auth", "model": "user"}}, {"model": "contenttypes.contenttype", "pk": 5, "fields": {"app_label": "contenttypes", "model": "contenttype"}}, {"model": "contenttypes.contenttype", "pk": 6, "fields": {"app_label": "sessions", "model": "session"}}, {"model": "contenttypes.contenttype", "pk": 7, "fields": {"app_label": "customer", "model": "customer"}}, {"model": "contenttypes.contenttype", "pk": 8, "fields": {"app_label": "control", "model": "control"}}, {"model": "contenttypes.contenttype", "pk": 9, "fields": {"app_label": "enclosure", "model": "enclosure"}}, {"model": "contenttypes.contenttype", "pk": 10, "fields": {"app_label": "medical_report", "model": "medicalreport"}}, {"model": "contenttypes.contenttype", "pk": 11, "fields": {"app_label": "specie", "model": "specie"}}, {"model": "contenttypes.contenttype", "pk": 12, "fields": {"app_label": "vaccine", "model": "vaccine"}}, {"model": "contenttypes.contenttype", "pk": 13, "fields": {"app_label": "zookeeper", "model": "zookeeper"}}, {"model": "contenttypes.contenttype", "pk": 14, "fields": {"app_label": "administrator", "model": "administrator"}}, {"model": "contenttypes.contenttype", "pk": 15, "fields": {"app_label": "animal", "model": "animal"}}, {"model": "contenttypes.contenttype", "pk": 16, "fields": {"app_label": "incompatibility", "model": "incompatibility"}}, {"model": "contenttypes.contenttype", "pk": 17, "fields": {"app_label": "vet", "model": "vet"}}, {"model": "sessions.session", "pk": "zkhab1ajma9bajv2o48qrkai6vxyp9lh", "fields": {"session_data": "ZjllNTVmNWM5N2M3MDQ5ZTY4ZGM4Y2Q3ZjY3MjY2MzMxZjJhYTI1YTp7Il9hdXRoX3VzZXJfaWQiOiIxIiwiX2F1dGhfdXNlcl9iYWNrZW5kIjoiZGphbmdvLmNvbnRyaWIuYXV0aC5iYWNrZW5kcy5Nb2RlbEJhY2tlbmQiLCJfYXV0aF91c2VyX2hhc2giOiIwMDVhOTcwYWJmMDNmMDhmNzljNzAzMWY2MWEzMjkxMWI0MDYzYzNkIn0=", "expire_date": "2020-05-22T21:05:01.286Z"}}, {"model": "control.control", "pk": 1, "fields": {"moment": "2020-05-08", "task": "CL", "observation": "Very clean", "is_active": true, "enclosure": 3, "zookeeper": 1}}, {"model": "control.control", "pk": 2, "fields": {"moment": "2020-05-07", "task": "CH", "observation": "All ok", "is_active": true, "enclosure": 4, "zookeeper": 2}}, {"model": "control.control", "pk": 3, "fields": {"moment": "2020-04-08", "task": "F", "observation": null, "is_active": true, "enclosure": 4, "zookeeper": 2}}, {"model": "control.control", "pk": 4, "fields": {"moment": "2020-05-04", "task": "CL", "observation": "It was a very good clean", "is_active": true, "enclosure": 5, "zookeeper": 1}}, {"model": "control.control", "pk": 5, "fields": {"moment": "2020-02-08", "task": "CH", "observation": null, "is_active": true, "enclosure": 3, "zookeeper": 1}}, {"model": "control.control", "pk": 6, "fields": {"moment": "2020-05-01", "task": "CH", "observation": null, "is_active": true, "enclosure": 3, "zookeeper": 1}}, {"model": "enclosure.enclosure", "pk": 3, "fields": {"identificator": "CA-4", "name": "Selva Amaz\u00f3nica", "is_active": true}}, {"model": "enclosure.enclosure", "pk": 4, "fields": {"identificator": "CA-3", "name": "Lago del Nilo", "is_active": true}}, {"model": "enclosure.enclosure", "pk": 5, "fields": {"identificator": "CW-1", "name": "Sabana", "is_active": true}}, {"model": "medical_report.medicalreport", "pk": 1, "fields": {"moment": "2020-05-08", "diagnosis": "\u00dalceras en el est\u00f3mago", "treatment": "Comida blanda y reposo", "is_active": true, "animal": 2}}, {"model": "medical_report.medicalreport", "pk": 2, "fields": {"moment": "2020-05-07", "diagnosis": "Revisi\u00f3n general", "treatment": "Todo bien", "is_active": true, "animal": 1}}, {"model": "specie.specie", "pk": 1, "fields": {"specie": "Felis catus", "is_active": true}}, {"model": "specie.specie", "pk": 2, "fields": {"specie": "Canis lupus", "is_active": true}}, {"model": "specie.specie", "pk": 3, "fields": {"specie": "Ursidae", "is_active": true}}, {"model": "specie.specie", "pk": 4, "fields": {"specie": "Panthera leo", "is_active": true}}, {"model": "specie.specie", "pk": 5, "fields": {"specie": "Pongo", "is_active": true}}, {"model": "specie.specie", "pk": 6, "fields": {"specie": "Struthio camelus", "is_active": true}}, {"model": "specie.specie", "pk": 7, "fields": {"specie": "Psittacoidea", "is_active": true}}, {"model": "specie.specie", "pk": 8, "fields": {"specie": "Mus musculus", "is_active": true}}, {"model": "specie.specie", "pk": 9, "fields": {"specie": "Lepus europaeus", "is_active": true}}, {"model": "specie.specie", "pk": 10, "fields": {"specie": "Crocodylus niloticus", "is_active": true}}, {"model": "specie.specie", "pk": 11, "fields": {"specie": "Syncerus caffer nanus", "is_active": true}}, {"model": "vaccine.vaccine", "pk": 1, "fields": {"moment": "2020-05-08", "name": "Anti-COVID-19", "description": null, "is_active": true, "animal": 1}}, {"model": "vaccine.vaccine", "pk": 2, "fields": {"moment": "2020-04-08", "name": "Anti-Covid-19", "description": "Evita el covid 19", "is_active": true, "animal": 2}}, {"model": "vaccine.vaccine", "pk": 3, "fields": {"moment": "2020-03-08", "name": "Cocodrilus 2", "description": null, "is_active": true, "animal": 3}}, {"model": "animal.animal", "pk": 1, "fields": {"identificator": "35WT", "name": "Pepe", "birthdate": "2010-05-08", "sex": "F", "is_active": true, "enclosure": 4, "specie": 10}}, {"model": "animal.animal", "pk": 2, "fields": {"identificator": "093Q", "name": "Quico", "birthdate": "2019-05-08", "sex": "M", "is_active": true, "enclosure": 4, "specie": 10}}, {"model": "animal.animal", "pk": 3, "fields": {"identificator": "093Q2", "name": "Peez", "birthdate": "2011-05-08", "sex": "F", "is_active": true, "enclosure": 4, "specie": 10}}, {"model": "animal.animal", "pk": 4, "fields": {"identificator": "DDF2", "name": "caat", "birthdate": "2018-05-08", "sex": "M", "is_active": true, "enclosure": 5, "specie": 1}}, {"model": "animal.animal", "pk": 5, "fields": {"identificator": "QWE3", "name": "Dogg", "birthdate": "2020-01-08", "sex": "M", "is_active": true, "enclosure": 3, "specie": 2}}, {"model": "incompatibility.incompatibility", "pk": 1, "fields": {"is_active": true, "specie1": 1, "specie2": 2}}, {"model": "incompatibility.incompatibility", "pk": 2, "fields": {"is_active": true, "specie1": 10, "specie2": 8}}, {"model": "incompatibility.incompatibility", "pk": 3, "fields": {"is_active": true, "specie1": 8, "specie2": 9}}, {"model": "incompatibility.incompatibility", "pk": 4, "fields": {"is_active": true, "specie1": 8, "specie2": 1}}, {"model": "incompatibility.incompatibility", "pk": 5, "fields": {"is_active": true, "specie1": 1, "specie2": 9}}, {"model": "incompatibility.incompatibility", "pk": 6, "fields": {"is_active": true, "specie1": 11, "specie2": 10}}, {"model": "incompatibility.incompatibility", "pk": 7, "fields": {"is_active": true, "specie1": 4, "specie2": 3}}, {"model": "incompatibility.incompatibility", "pk": 8, "fields": {"is_active": true, "specie1": 5, "specie2": 8}}, {"model": "incompatibility.incompatibility", "pk": 9, "fields": {"is_active": true, "specie1": 5, "specie2": 9}}, {"model": "incompatibility.incompatibility", "pk": 10, "fields": {"is_active": true, "specie1": 1, "specie2": 3}}, {"model": "incompatibility.incompatibility", "pk": 11, "fields": {"is_active": true, "specie1": 10, "specie2": 2}}, {"model": "auth.permission", "pk": 1, "fields": {"name": "Can add log entry", "content_type": 1, "codename": "add_logentry"}}, {"model": "auth.permission", "pk": 2, "fields": {"name": "Can change log entry", "content_type": 1, "codename": "change_logentry"}}, {"model": "auth.permission", "pk": 3, "fields": {"name": "Can delete log entry", "content_type": 1, "codename": "delete_logentry"}}, {"model": "auth.permission", "pk": 4, "fields": {"name": "Can view log entry", "content_type": 1, "codename": "view_logentry"}}, {"model": "auth.permission", "pk": 5, "fields": {"name": "Can add permission", "content_type": 2, "codename": "add_permission"}}, {"model": "auth.permission", "pk": 6, "fields": {"name": "Can change permission", "content_type": 2, "codename": "change_permission"}}, {"model": "auth.permission", "pk": 7, "fields": {"name": "Can delete permission", "content_type": 2, "codename": "delete_permission"}}, {"model": "auth.permission", "pk": 8, "fields": {"name": "Can view permission", "content_type": 2, "codename": "view_permission"}}, {"model": "auth.permission", "pk": 9, "fields": {"name": "Can add group", "content_type": 3, "codename": "add_group"}}, {"model": "auth.permission", "pk": 10, "fields": {"name": "Can change group", "content_type": 3, "codename": "change_group"}}, {"model": "auth.permission", "pk": 11, "fields": {"name": "Can delete group", "content_type": 3, "codename": "delete_group"}}, {"model": "auth.permission", "pk": 12, "fields": {"name": "Can view group", "content_type": 3, "codename": "view_group"}}, {"model": "auth.permission", "pk": 13, "fields": {"name": "Can add user", "content_type": 4, "codename": "add_user"}}, {"model": "auth.permission", "pk": 14, "fields": {"name": "Can change user", "content_type": 4, "codename": "change_user"}}, {"model": "auth.permission", "pk": 15, "fields": {"name": "Can delete user", "content_type": 4, "codename": "delete_user"}}, {"model": "auth.permission", "pk": 16, "fields": {"name": "Can view user", "content_type": 4, "codename": "view_user"}}, {"model": "auth.permission", "pk": 17, "fields": {"name": "Can add content type", "content_type": 5, "codename": "add_contenttype"}}, {"model": "auth.permission", "pk": 18, "fields": {"name": "Can change content type", "content_type": 5, "codename": "change_contenttype"}}, {"model": "auth.permission", "pk": 19, "fields": {"name": "Can delete content type", "content_type": 5, "codename": "delete_contenttype"}}, {"model": "auth.permission", "pk": 20, "fields": {"name": "Can view content type", "content_type": 5, "codename": "view_contenttype"}}, {"model": "auth.permission", "pk": 21, "fields": {"name": "Can add session", "content_type": 6, "codename": "add_session"}}, {"model": "auth.permission", "pk": 22, "fields": {"name": "Can change session", "content_type": 6, "codename": "change_session"}}, {"model": "auth.permission", "pk": 23, "fields": {"name": "Can delete session", "content_type": 6, "codename": "delete_session"}}, {"model": "auth.permission", "pk": 24, "fields": {"name": "Can view session", "content_type": 6, "codename": "view_session"}}, {"model": "auth.permission", "pk": 25, "fields": {"name": "Can add customer", "content_type": 7, "codename": "add_customer"}}, {"model": "auth.permission", "pk": 26, "fields": {"name": "Can change customer", "content_type": 7, "codename": "change_customer"}}, {"model": "auth.permission", "pk": 27, "fields": {"name": "Can delete customer", "content_type": 7, "codename": "delete_customer"}}, {"model": "auth.permission", "pk": 28, "fields": {"name": "Can view customer", "content_type": 7, "codename": "view_customer"}}, {"model": "auth.permission", "pk": 29, "fields": {"name": "Can add control", "content_type": 8, "codename": "add_control"}}, {"model": "auth.permission", "pk": 30, "fields": {"name": "Can change control", "content_type": 8, "codename": "change_control"}}, {"model": "auth.permission", "pk": 31, "fields": {"name": "Can delete control", "content_type": 8, "codename": "delete_control"}}, {"model": "auth.permission", "pk": 32, "fields": {"name": "Can view control", "content_type": 8, "codename": "view_control"}}, {"model": "auth.permission", "pk": 33, "fields": {"name": "Can add enclosure", "content_type": 9, "codename": "add_enclosure"}}, {"model": "auth.permission", "pk": 34, "fields": {"name": "Can change enclosure", "content_type": 9, "codename": "change_enclosure"}}, {"model": "auth.permission", "pk": 35, "fields": {"name": "Can delete enclosure", "content_type": 9, "codename": "delete_enclosure"}}, {"model": "auth.permission", "pk": 36, "fields": {"name": "Can view enclosure", "content_type": 9, "codename": "view_enclosure"}}, {"model": "auth.permission", "pk": 37, "fields": {"name": "Can add medical report", "content_type": 10, "codename": "add_medicalreport"}}, {"model": "auth.permission", "pk": 38, "fields": {"name": "Can change medical report", "content_type": 10, "codename": "change_medicalreport"}}, {"model": "auth.permission", "pk": 39, "fields": {"name": "Can delete medical report", "content_type": 10, "codename": "delete_medicalreport"}}, {"model": "auth.permission", "pk": 40, "fields": {"name": "Can view medical report", "content_type": 10, "codename": "view_medicalreport"}}, {"model": "auth.permission", "pk": 41, "fields": {"name": "Can add specie", "content_type": 11, "codename": "add_specie"}}, {"model": "auth.permission", "pk": 42, "fields": {"name": "Can change specie", "content_type": 11, "codename": "change_specie"}}, {"model": "auth.permission", "pk": 43, "fields": {"name": "Can delete specie", "content_type": 11, "codename": "delete_specie"}}, {"model": "auth.permission", "pk": 44, "fields": {"name": "Can view specie", "content_type": 11, "codename": "view_specie"}}, {"model": "auth.permission", "pk": 45, "fields": {"name": "Can add vaccine", "content_type": 12, "codename": "add_vaccine"}}, {"model": "auth.permission", "pk": 46, "fields": {"name": "Can change vaccine", "content_type": 12, "codename": "change_vaccine"}}, {"model": "auth.permission", "pk": 47, "fields": {"name": "Can delete vaccine", "content_type": 12, "codename": "delete_vaccine"}}, {"model": "auth.permission", "pk": 48, "fields": {"name": "Can view vaccine", "content_type": 12, "codename": "view_vaccine"}}, {"model": "auth.permission", "pk": 49, "fields": {"name": "Can add zookeeper", "content_type": 13, "codename": "add_zookeeper"}}, {"model": "auth.permission", "pk": 50, "fields": {"name": "Can change zookeeper", "content_type": 13, "codename": "change_zookeeper"}}, {"model": "auth.permission", "pk": 51, "fields": {"name": "Can delete zookeeper", "content_type": 13, "codename": "delete_zookeeper"}}, {"model": "auth.permission", "pk": 52, "fields": {"name": "Can view zookeeper", "content_type": 13, "codename": "view_zookeeper"}}, {"model": "auth.permission", "pk": 53, "fields": {"name": "Can add administrator", "content_type": 14, "codename": "add_administrator"}}, {"model": "auth.permission", "pk": 54, "fields": {"name": "Can change administrator", "content_type": 14, "codename": "change_administrator"}}, {"model": "auth.permission", "pk": 55, "fields": {"name": "Can delete administrator", "content_type": 14, "codename": "delete_administrator"}}, {"model": "auth.permission", "pk": 56, "fields": {"name": "Can view administrator", "content_type": 14, "codename": "view_administrator"}}, {"model": "auth.permission", "pk": 57, "fields": {"name": "Can add animal", "content_type": 15, "codename": "add_animal"}}, {"model": "auth.permission", "pk": 58, "fields": {"name": "Can change animal", "content_type": 15, "codename": "change_animal"}}, {"model": "auth.permission", "pk": 59, "fields": {"name": "Can delete animal", "content_type": 15, "codename": "delete_animal"}}, {"model": "auth.permission", "pk": 60, "fields": {"name": "Can view animal", "content_type": 15, "codename": "view_animal"}}, {"model": "auth.permission", "pk": 61, "fields": {"name": "Can add incompatibility", "content_type": 16, "codename": "add_incompatibility"}}, {"model": "auth.permission", "pk": 62, "fields": {"name": "Can change incompatibility", "content_type": 16, "codename": "change_incompatibility"}}, {"model": "auth.permission", "pk": 63, "fields": {"name": "Can delete incompatibility", "content_type": 16, "codename": "delete_incompatibility"}}, {"model": "auth.permission", "pk": 64, "fields": {"name": "Can view incompatibility", "content_type": 16, "codename": "view_incompatibility"}}, {"model": "auth.permission", "pk": 65, "fields": {"name": "Can add vet", "content_type": 17, "codename": "add_vet"}}, {"model": "auth.permission", "pk": 66, "fields": {"name": "Can change vet", "content_type": 17, "codename": "change_vet"}}, {"model": "auth.permission", "pk": 67, "fields": {"name": "Can delete vet", "content_type": 17, "codename": "delete_vet"}}, {"model": "auth.permission", "pk": 68, "fields": {"name": "Can view vet", "content_type": 17, "codename": "view_vet"}}, {"model": "auth.group", "pk": 1, "fields": {"name": "ADMIN", "permissions": [56, 57, 59, 60, 16, 32, 28, 33, 34, 35, 36, 61, 63, 64, 40, 41, 43, 44, 48, 68, 52]}}, {"model": "auth.user", "pk": 1, "fields": {"password": "pbkdf2_sha256$180000$8ORfMt4VsU02$pbzbb8FeE97cUYgUDAfh02XV1W8hK/Bk3K5rC9D/Y9U=", "last_login": "2020-05-08T21:05:01.282Z", "is_superuser": true, "username": "pedrosowildlifezooadmin", "first_name": "Pedroso", "last_name": "wildlife", "email": "pedroso@gmail.com", "is_staff": true, "is_active": true, "date_joined": "2020-05-08T19:39:49Z", "groups": [], "user_permissions": []}}, {"model": "auth.user", "pk": 2, "fields": {"password": "pbkdf2_sha256$180000$lVcvi1E147md$AfYH2/lHw7PD9R66fKrHxAeTUeYrHAC8p+vZxLzbSYU=", "last_login": "2020-05-08T20:48:09.569Z", "is_superuser": false, "username": "juanAdmin", "first_name": "Juan", "last_name": "Perez", "email": "juanadmin@gmail.com", "is_staff": true, "is_active": true, "date_joined": "2020-05-08T19:48:53Z", "groups": [1], "user_permissions": []}}, {"model": "auth.user", "pk": 3, "fields": {"password": "pbkdf2_sha256$180000$6PDlPY0TwDfa$DwoFlRNNWMYUYyWChiMAQVhjph9s9bwK/q8wDFItk28=", "last_login": null, "is_superuser": false, "username": "pedroAdmin", "first_name": "Pedro", "last_name": "Ripoll", "email": "pedroadmin@gmail.com", "is_staff": true, "is_active": true, "date_joined": "2020-05-08T19:50:10Z", "groups": [1], "user_permissions": []}}, {"model": "auth.user", "pk": 4, "fields": {"password": "pbkdf2_sha256$180000$mipHJQJ42L0x$Ra41D2DtNlBwBE+9TOPGgpDGGTuC3qtlUGPgO0S3YtM=", "last_login": null, "is_superuser": false, "username": "mariaZoo", "first_name": "Maria", "last_name": "Castro", "email": "castro@gmail.com", "is_staff": false, "is_active": true, "date_joined": "2020-05-08T19:52:26Z", "groups": [], "user_permissions": []}}, {"model": "auth.user", "pk": 5, "fields": {"password": "pbkdf2_sha256$180000$JLxUVhR1wk63$wpCRtDkRFlbGnWhSFK7ae+geIdbMPaDpX1KcucXLis8=", "last_login": null, "is_superuser": false, "username": "pedroZoo", "first_name": "Pedro", "last_name": "G\u00f3mez", "email": "pedrozoo@gmail.com", "is_staff": false, "is_active": true, "date_joined": "2020-05-08T19:53:27Z", "groups": [], "user_permissions": []}}, {"model": "auth.user", "pk": 6, "fields": {"password": "pbkdf2_sha256$180000$k0sZFCGsXzA2$dyZje6VhcJ8ihXnwvDROVSs7K8dkDXmICTst9AadAWU=", "last_login": null, "is_superuser": false, "username": "robertoVet", "first_name": "Roberto", "last_name": "Iglesias", "email": "robertoi@gmail.com", "is_staff": false, "is_active": true, "date_joined": "2020-05-08T19:55:53Z", "groups": [], "user_permissions": []}}, {"model": "auth.user", "pk": 7, "fields": {"password": "pbkdf2_sha256$180000$td36hhLbXzhO$ZlElJ/EQmnMFrkgbB8BPAqwCkOc/zmlXSMyVQ41lJpc=", "last_login": null, "is_superuser": false, "username": "carlosVet", "first_name": "Carlos", "last_name": "Martinez", "email": "mc@gmail.com", "is_staff": false, "is_active": true, "date_joined": "2020-05-08T19:56:41Z", "groups": [], "user_permissions": []}}, {"model": "auth.user", "pk": 8, "fields": {"password": "pbkdf2_sha256$180000$RszcRvOEM9Zy$6Lnn/lk+X0O54iJDPmtbELLzNu5fjCHJBP5bY4cz9r8=", "last_login": null, "is_superuser": false, "username": "raulCustomer", "first_name": "Ra\u00fal", "last_name": "Garc\u00eda", "email": "raulcustomer@gmail.com", "is_staff": false, "is_active": true, "date_joined": "2020-05-08T20:00:50Z", "groups": [], "user_permissions": []}}, {"model": "auth.user", "pk": 9, "fields": {"password": "pbkdf2_sha256$180000$RlWy46plmWDB$kiiwK/9ZlvBXyG/jkx+R8YMeIpWs/ckqD+eTsBZFarg=", "last_login": null, "is_superuser": false, "username": "jmCustomer", "first_name": "Jos\u00e9 Manuel", "last_name": "Aguza", "email": "aa@gmail.com", "is_staff": false, "is_active": true, "date_joined": "2020-05-08T20:01:33Z", "groups": [], "user_permissions": []}}, {"model": "customer.customer", "pk": 1, "fields": {"user": 8}}, {"model": "customer.customer", "pk": 2, "fields": {"user": 9}}, {"model": "zookeeper.zookeeper", "pk": 1, "fields": {"user": 4}}, {"model": "zookeeper.zookeeper", "pk": 2, "fields": {"user": 5}}, {"model": "administrator.administrator", "pk": 1, "fields": {"user": 2}}, {"model": "administrator.administrator", "pk": 2, "fields": {"user": 3}}, {"model": "vet.vet", "pk": 1, "fields": {"user": 7}}, {"model": "vet.vet", "pk": 2, "fields": {"user": 6}}, {"model": "admin.logentry", "pk": 1, "fields": {"action_time": "2020-05-08T19:47:45.477Z", "user": 1, "content_type": 3, "object_id": "1", "object_repr": "ADMIN", "action_flag": 1, "change_message": "[{\"added\": {}}]"}}, {"model": "admin.logentry", "pk": 2, "fields": {"action_time": "2020-05-08T19:48:54.539Z", "user": 1, "content_type": 4, "object_id": "2", "object_repr": "juanAdmin", "action_flag": 1, "change_message": "[{\"added\": {}}]"}}, {"model": "admin.logentry", "pk": 3, "fields": {"action_time": "2020-05-08T19:49:22.657Z", "user": 1, "content_type": 4, "object_id": "2", "object_repr": "juanAdmin", "action_flag": 2, "change_message": "[{\"changed\": {\"fields\": [\"First name\", \"Last name\", \"Email address\", \"Staff status\", \"Groups\"]}}]"}}, {"model": "admin.logentry", "pk": 4, "fields": {"action_time": "2020-05-08T19:49:47.862Z", "user": 1, "content_type": 4, "object_id": "1", "object_repr": "pedrosowildlifezooadmin", "action_flag": 2, "change_message": "[{\"changed\": {\"fields\": [\"First name\", \"Last name\"]}}]"}}, {"model": "admin.logentry", "pk": 5, "fields": {"action_time": "2020-05-08T19:50:11.607Z", "user": 1, "content_type": 4, "object_id": "3", "object_repr": "pedroAdmin", "action_flag": 1, "change_message": "[{\"added\": {}}]"}}, {"model": "admin.logentry", "pk": 6, "fields": {"action_time": "2020-05-08T19:50:46.062Z", "user": 1, "content_type": 4, "object_id": "3", "object_repr": "pedroAdmin", "action_flag": 2, "change_message": "[{\"changed\": {\"fields\": [\"First name\", \"Last name\", \"Email address\", \"Staff status\", \"Groups\"]}}]"}}, {"model": "admin.logentry", "pk": 7, "fields": {"action_time": "2020-05-08T19:52:27.055Z", "user": 1, "content_type": 4, "object_id": "4", "object_repr": "mariaZoo", "action_flag": 1, "change_message": "[{\"added\": {}}]"}}, {"model": "admin.logentry", "pk": 8, "fields": {"action_time": "2020-05-08T19:52:58.930Z", "user": 1, "content_type": 4, "object_id": "4", "object_repr": "mariaZoo", "action_flag": 2, "change_message": "[{\"changed\": {\"fields\": [\"First name\", \"Last name\", \"Email address\"]}}]"}}, {"model": "admin.logentry", "pk": 9, "fields": {"action_time": "2020-05-08T19:53:28.431Z", "user": 1, "content_type": 4, "object_id": "5", "object_repr": "pedroZoo", "action_flag": 1, "change_message": "[{\"added\": {}}]"}}, {"model": "admin.logentry", "pk": 10, "fields": {"action_time": "2020-05-08T19:54:02.643Z", "user": 1, "content_type": 4, "object_id": "5", "object_repr": "pedroZoo", "action_flag": 2, "change_message": "[{\"changed\": {\"fields\": [\"First name\", \"Last name\", \"Email address\"]}}]"}}, {"model": "admin.logentry", "pk": 11, "fields": {"action_time": "2020-05-08T19:54:16.622Z", "user": 1, "content_type": 13, "object_id": "1", "object_repr": "mariaZoo", "action_flag": 1, "change_message": "[{\"added\": {}}]"}}, {"model": "admin.logentry", "pk": 12, "fields": {"action_time": "2020-05-08T19:54:24.516Z", "user": 1, "content_type": 13, "object_id": "2", "object_repr": "pedroZoo", "action_flag": 1, "change_message": "[{\"added\": {}}]"}}, {"model": "admin.logentry", "pk": 13, "fields": {"action_time": "2020-05-08T19:55:53.853Z", "user": 1, "content_type": 4, "object_id": "6", "object_repr": "robertoVet", "action_flag": 1, "change_message": "[{\"added\": {}}]"}}, {"model": "admin.logentry", "pk": 14, "fields": {"action_time": "2020-05-08T19:56:15.419Z", "user": 1, "content_type": 4, "object_id": "6", "object_repr": "robertoVet", "action_flag": 2, "change_message": "[{\"changed\": {\"fields\": [\"First name\", \"Last name\", \"Email address\"]}}]"}}, {"model": "admin.logentry", "pk": 15, "fields": {"action_time": "2020-05-08T19:56:41.694Z", "user": 1, "content_type": 4, "object_id": "7", "object_repr": "carlosVet", "action_flag": 1, "change_message": "[{\"added\": {}}]"}}, {"model": "admin.logentry", "pk": 16, "fields": {"action_time": "2020-05-08T19:57:05.596Z", "user": 1, "content_type": 4, "object_id": "7", "object_repr": "carlosVet", "action_flag": 2, "change_message": "[{\"changed\": {\"fields\": [\"First name\", \"Last name\", \"Email address\"]}}]"}}, {"model": "admin.logentry", "pk": 17, "fields": {"action_time": "2020-05-08T19:57:16.053Z", "user": 1, "content_type": 17, "object_id": "1", "object_repr": "carlosVet", "action_flag": 1, "change_message": "[{\"added\": {}}]"}}, {"model": "admin.logentry", "pk": 18, "fields": {"action_time": "2020-05-08T19:57:23.030Z", "user": 1, "content_type": 17, "object_id": "2", "object_repr": "robertoVet", "action_flag": 1, "change_message": "[{\"added\": {}}]"}}, {"model": "admin.logentry", "pk": 19, "fields": {"action_time": "2020-05-08T20:00:50.991Z", "user": 1, "content_type": 4, "object_id": "8", "object_repr": "raulCustomer", "action_flag": 1, "change_message": "[{\"added\": {}}]"}}, {"model": "admin.logentry", "pk": 20, "fields": {"action_time": "2020-05-08T20:01:13.700Z", "user": 1, "content_type": 4, "object_id": "8", "object_repr": "raulCustomer", "action_flag": 2, "change_message": "[{\"changed\": {\"fields\": [\"First name\", \"Last name\", \"Email address\"]}}]"}}, {"model": "admin.logentry", "pk": 21, "fields": {"action_time": "2020-05-08T20:01:34.079Z", "user": 1, "content_type": 4, "object_id": "9", "object_repr": "jmCustomer", "action_flag": 1, "change_message": "[{\"added\": {}}]"}}, {"model": "admin.logentry", "pk": 22, "fields": {"action_time": "2020-05-08T20:01:42.092Z", "user": 1, "content_type": 4, "object_id": "9", "object_repr": "jmCustomer", "action_flag": 2, "change_message": "[{\"changed\": {\"fields\": [\"First name\"]}}]"}}, {"model": "admin.logentry", "pk": 23, "fields": {"action_time": "2020-05-08T20:02:03.221Z", "user": 1, "content_type": 4, "object_id": "9", "object_repr": "jmCustomer", "action_flag": 2, "change_message": "[{\"changed\": {\"fields\": [\"First name\", \"Last name\", \"Email address\"]}}]"}}, {"model": "admin.logentry", "pk": 24, "fields": {"action_time": "2020-05-08T20:02:19.796Z", "user": 1, "content_type": 7, "object_id": "1", "object_repr": "raulCustomer", "action_flag": 1, "change_message": "[{\"added\": {}}]"}}, {"model": "admin.logentry", "pk": 25, "fields": {"action_time": "2020-05-08T20:02:31.290Z", "user": 1, "content_type": 7, "object_id": "2", "object_repr": "jmCustomer", "action_flag": 1, "change_message": "[{\"added\": {}}]"}}, {"model": "admin.logentry", "pk": 26, "fields": {"action_time": "2020-05-08T20:03:54.630Z", "user": 1, "content_type": 11, "object_id": "1", "object_repr": "Felis catus", "action_flag": 1, "change_message": "[{\"added\": {}}]"}}, {"model": "admin.logentry", "pk": 27, "fields": {"action_time": "2020-05-08T20:04:13.275Z", "user": 1, "content_type": 11, "object_id": "2", "object_repr": "Canis lupus", "action_flag": 1, "change_message": "[{\"added\": {}}]"}}, {"model": "admin.logentry", "pk": 28, "fields": {"action_time": "2020-05-08T20:04:27.346Z", "user": 1, "content_type": 11, "object_id": "3", "object_repr": "Ursidae", "action_flag": 1, "change_message": "[{\"added\": {}}]"}}, {"model": "admin.logentry", "pk": 29, "fields": {"action_time": "2020-05-08T20:04:39.706Z", "user": 1, "content_type": 11, "object_id": "4", "object_repr": "Panthera leo", "action_flag": 1, "change_message": "[{\"added\": {}}]"}}, {"model": "admin.logentry", "pk": 30, "fields": {"action_time": "2020-05-08T20:05:01.791Z", "user": 1, "content_type": 11, "object_id": "5", "object_repr": "Pongo", "action_flag": 1, "change_message": "[{\"added\": {}}]"}}, {"model": "admin.logentry", "pk": 31, "fields": {"action_time": "2020-05-08T20:05:13.801Z", "user": 1, "content_type": 11, "object_id": "6", "object_repr": "Struthio camelus", "action_flag": 1, "change_message": "[{\"added\": {}}]"}}, {"model": "admin.logentry", "pk": 32, "fields": {"action_time": "2020-05-08T20:05:25.189Z", "user": 1, "content_type": 11, "object_id": "7", "object_repr": "Psittacoidea", "action_flag": 1, "change_message": "[{\"added\": {}}]"}}, {"model": "admin.logentry", "pk": 33, "fields": {"action_time": "2020-05-08T20:05:37.250Z", "user": 1, "content_type": 11, "object_id": "8", "object_repr": "Mus musculus", "action_flag": 1, "change_message": "[{\"added\": {}}]"}}, {"model": "admin.logentry", "pk": 34, "fields": {"action_time": "2020-05-08T20:05:46.663Z", "user": 1, "content_type": 11, "object_id": "9", "object_repr": "Lepus europaeus", "action_flag": 1, "change_message": "[{\"added\": {}}]"}}, {"model": "admin.logentry", "pk": 35, "fields": {"action_time": "2020-05-08T20:06:02.279Z", "user": 1, "content_type": 11, "object_id": "10", "object_repr": "Crocodylus niloticus", "action_flag": 1, "change_message": "[{\"added\": {}}]"}}, {"model": "admin.logentry", "pk": 36, "fields": {"action_time": "2020-05-08T20:06:21.470Z", "user": 1, "content_type": 11, "object_id": "11", "object_repr": "Syncerus caffer nanus", "action_flag": 1, "change_message": "[{\"added\": {}}]"}}, {"model": "admin.logentry", "pk": 37, "fields": {"action_time": "2020-05-08T20:07:39.484Z", "user": 1, "content_type": 16, "object_id": "1", "object_repr": "Specie1: Felis catus, Specie2: Canis lupus", "action_flag": 1, "change_message": "[{\"added\": {}}]"}}, {"model": "admin.logentry", "pk": 38, "fields": {"action_time": "2020-05-08T20:07:53.490Z", "user": 1, "content_type": 16, "object_id": "2", "object_repr": "Specie1: Crocodylus niloticus, Specie2: Mus musculus", "action_flag": 1, "change_message": "[{\"added\": {}}]"}}, {"model": "admin.logentry", "pk": 39, "fields": {"action_time": "2020-05-08T20:08:02.985Z", "user": 1, "content_type": 16, "object_id": "3", "object_repr": "Specie1: Mus musculus, Specie2: Lepus europaeus", "action_flag": 1, "change_message": "[{\"added\": {}}]"}}, {"model": "admin.logentry", "pk": 40, "fields": {"action_time": "2020-05-08T20:08:11.973Z", "user": 1, "content_type": 16, "object_id": "4", "object_repr": "Specie1: Mus musculus, Specie2: Felis catus", "action_flag": 1, "change_message": "[{\"added\": {}}]"}}, {"model": "admin.logentry", "pk": 41, "fields": {"action_time": "2020-05-08T20:08:23.064Z", "user": 1, "content_type": 16, "object_id": "5", "object_repr": "Specie1: Felis catus, Specie2: Lepus europaeus", "action_flag": 1, "change_message": "[{\"added\": {}}]"}}, {"model": "admin.logentry", "pk": 42, "fields": {"action_time": "2020-05-08T20:08:33.246Z", "user": 1, "content_type": 16, "object_id": "6", "object_repr": "Specie1: Syncerus caffer nanus, Specie2: Crocodylus niloticus", "action_flag": 1, "change_message": "[{\"added\": {}}]"}}, {"model": "admin.logentry", "pk": 43, "fields": {"action_time": "2020-05-08T20:08:46.519Z", "user": 1, "content_type": 16, "object_id": "7", "object_repr": "Specie1: Panthera leo, Specie2: Ursidae", "action_flag": 1, "change_message": "[{\"added\": {}}]"}}, {"model": "admin.logentry", "pk": 44, "fields": {"action_time": "2020-05-08T20:08:57.049Z", "user": 1, "content_type": 16, "object_id": "8", "object_repr": "Specie1: Pongo, Specie2: Mus musculus", "action_flag": 1, "change_message": "[{\"added\": {}}]"}}, {"model": "admin.logentry", "pk": 45, "fields": {"action_time": "2020-05-08T20:09:06.770Z", "user": 1, "content_type": 16, "object_id": "9", "object_repr": "Specie1: Pongo, Specie2: Lepus europaeus", "action_flag": 1, "change_message": "[{\"added\": {}}]"}}, {"model": "admin.logentry", "pk": 46, "fields": {"action_time": "2020-05-08T20:09:25.792Z", "user": 1, "content_type": 16, "object_id": "10", "object_repr": "Specie1: Felis catus, Specie2: Ursidae", "action_flag": 1, "change_message": "[{\"added\": {}}]"}}, {"model": "admin.logentry", "pk": 47, "fields": {"action_time": "2020-05-08T20:10:53.030Z", "user": 1, "content_type": 16, "object_id": "11", "object_repr": "Specie1: Crocodylus niloticus, Specie2: Canis lupus", "action_flag": 1, "change_message": "[{\"added\": {}}]"}}, {"model": "admin.logentry", "pk": 48, "fields": {"action_time": "2020-05-08T20:13:10.417Z", "user": 1, "content_type": 9, "object_id": "1", "object_repr": "Selva tropical", "action_flag": 1, "change_message": "[{\"added\": {}}]"}}, {"model": "admin.logentry", "pk": 49, "fields": {"action_time": "2020-05-08T20:13:28.587Z", "user": 1, "content_type": 9, "object_id": "2", "object_repr": "Lago del Nilo", "action_flag": 1, "change_message": "[{\"added\": {}}]"}}, {"model": "admin.logentry", "pk": 50, "fields": {"action_time": "2020-05-08T20:16:28.205Z", "user": 1, "content_type": 9, "object_id": "1", "object_repr": "Selva tropical", "action_flag": 2, "change_message": "[{\"changed\": {\"fields\": [\"Identificator\"]}}]"}}, {"model": "admin.logentry", "pk": 51, "fields": {"action_time": "2020-05-08T20:19:04.513Z", "user": 1, "content_type": 9, "object_id": "2", "object_repr": "Lago del Nilo", "action_flag": 3, "change_message": ""}}, {"model": "admin.logentry", "pk": 52, "fields": {"action_time": "2020-05-08T20:19:04.517Z", "user": 1, "content_type": 9, "object_id": "1", "object_repr": "Selva tropical", "action_flag": 3, "change_message": ""}}, {"model": "admin.logentry", "pk": 53, "fields": {"action_time": "2020-05-08T20:19:55.240Z", "user": 1, "content_type": 9, "object_id": "3", "object_repr": "Selva Amazonica", "action_flag": 1, "change_message": "[{\"added\": {}}]"}}, {"model": "admin.logentry", "pk": 54, "fields": {"action_time": "2020-05-08T20:20:02.956Z", "user": 1, "content_type": 9, "object_id": "3", "object_repr": "Selva Amaz\u00f3nica", "action_flag": 2, "change_message": "[{\"changed\": {\"fields\": [\"Name\"]}}]"}}, {"model": "admin.logentry", "pk": 55, "fields": {"action_time": "2020-05-08T20:20:55.197Z", "user": 1, "content_type": 9, "object_id": "4", "object_repr": "Lago del Nilo", "action_flag": 1, "change_message": "[{\"added\": {}}]"}}, {"model": "admin.logentry", "pk": 56, "fields": {"action_time": "2020-05-08T20:21:21.914Z", "user": 1, "content_type": 9, "object_id": "5", "object_repr": "Sabana", "action_flag": 1, "change_message": "[{\"added\": {}}]"}}, {"model": "admin.logentry", "pk": 57, "fields": {"action_time": "2020-05-08T20:29:38.716Z", "user": 1, "content_type": 15, "object_id": "1", "object_repr": "Pepe", "action_flag": 1, "change_message": "[{\"added\": {}}]"}}, {"model": "admin.logentry", "pk": 58, "fields": {"action_time": "2020-05-08T20:30:18.755Z", "user": 1, "content_type": 15, "object_id": "2", "object_repr": "Quico", "action_flag": 1, "change_message": "[{\"added\": {}}]"}}, {"model": "admin.logentry", "pk": 59, "fields": {"action_time": "2020-05-08T20:31:38.508Z", "user": 1, "content_type": 15, "object_id": "3", "object_repr": "Peez", "action_flag": 1, "change_message": "[{\"added\": {}}]"}}, {"model": "admin.logentry", "pk": 60, "fields": {"action_time": "2020-05-08T20:36:51.495Z", "user": 1, "content_type": 15, "object_id": "4", "object_repr": "caat", "action_flag": 1, "change_message": "[{\"added\": {}}]"}}, {"model": "admin.logentry", "pk": 61, "fields": {"action_time": "2020-05-08T20:38:18.977Z", "user": 1, "content_type": 15, "object_id": "5", "object_repr": "Dogg", "action_flag": 1, "change_message": "[{\"added\": {}}]"}}, {"model": "admin.logentry", "pk": 62, "fields": {"action_time": "2020-05-08T20:39:18.183Z", "user": 1, "content_type": 8, "object_id": "1", "object_repr": "CL", "action_flag": 1, "change_message": "[{\"added\": {}}]"}}, {"model": "admin.logentry", "pk": 63, "fields": {"action_time": "2020-05-08T20:39:38.996Z", "user": 1, "content_type": 8, "object_id": "2", "object_repr": "CH", "action_flag": 1, "change_message": "[{\"added\": {}}]"}}, {"model": "admin.logentry", "pk": 64, "fields": {"action_time": "2020-05-08T20:39:55.045Z", "user": 1, "content_type": 8, "object_id": "3", "object_repr": "F", "action_flag": 1, "change_message": "[{\"added\": {}}]"}}, {"model": "admin.logentry", "pk": 65, "fields": {"action_time": "2020-05-08T20:40:30.101Z", "user": 1, "content_type": 8, "object_id": "4", "object_repr": "CL", "action_flag": 1, "change_message": "[{\"added\": {}}]"}}, {"model": "admin.logentry", "pk": 66, "fields": {"action_time": "2020-05-08T20:40:50.211Z", "user": 1, "content_type": 8, "object_id": "5", "object_repr": "CH", "action_flag": 1, "change_message": "[{\"added\": {}}]"}}, {"model": "admin.logentry", "pk": 67, "fields": {"action_time": "2020-05-08T20:41:05.463Z", "user": 1, "content_type": 8, "object_id": "6", "object_repr": "CH", "action_flag": 1, "change_message": "[{\"added\": {}}]"}}, {"model": "admin.logentry", "pk": 68, "fields": {"action_time": "2020-05-08T20:42:19.045Z", "user": 1, "content_type": 12, "object_id": "1", "object_repr": "Anti-COVID-19", "action_flag": 1, "change_message": "[{\"added\": {}}]"}}, {"model": "admin.logentry", "pk": 69, "fields": {"action_time": "2020-05-08T20:43:02.169Z", "user": 1, "content_type": 12, "object_id": "2", "object_repr": "Anti-Covid-19", "action_flag": 1, "change_message": "[{\"added\": {}}]"}}, {"model": "admin.logentry", "pk": 70, "fields": {"action_time": "2020-05-08T20:43:58.851Z", "user": 1, "content_type": 12, "object_id": "3", "object_repr": "Cocodrilus 2", "action_flag": 1, "change_message": "[{\"added\": {}}]"}}, {"model": "admin.logentry", "pk": 71, "fields": {"action_time": "2020-05-08T20:45:30.794Z", "user": 1, "content_type": 15, "object_id": "2", "object_repr": "Quico", "action_flag": 2, "change_message": "[{\"changed\": {\"fields\": [\"Birthdate\"]}}]"}}, {"model": "admin.logentry", "pk": 72, "fields": {"action_time": "2020-05-08T20:46:46.181Z", "user": 1, "content_type": 10, "object_id": "1", "object_repr": "Medical report of: Quico", "action_flag": 1, "change_message": "[{\"added\": {}}]"}}, {"model": "admin.logentry", "pk": 73, "fields": {"action_time": "2020-05-08T20:47:31.387Z", "user": 1, "content_type": 10, "object_id": "2", "object_repr": "Medical report of: Pepe", "action_flag": 1, "change_message": "[{\"added\": {}}]"}}, {"model": "admin.logentry", "pk": 74, "fields": {"action_time": "2020-05-08T20:47:40.386Z", "user": 1, "content_type": 10, "object_id": "2", "object_repr": "Medical report of: Pepe", "action_flag": 2, "change_message": "[{\"changed\": {\"fields\": [\"Moment\"]}}]"}}, {"model": "admin.logentry", "pk": 75, "fields": {"action_time": "2020-05-08T21:05:41.789Z", "user": 1, "content_type": 14, "object_id": "1", "object_repr": "juanAdmin", "action_flag": 1, "change_message": "[{\"added\": {}}]"}}, {"model": "admin.logentry", "pk": 76, "fields": {"action_time": "2020-05-08T21:05:54.997Z", "user": 1, "content_type": 14, "object_id": "2", "object_repr": "pedroAdmin", "action_flag": 1, "change_message": "[{\"added\": {}}]"}}]